{
    "id": 14,
    "description": "Dati in input un albero binario e un intero x, ritorna il numero di nodi dell'albero divisibili per x + livello",
    "text": "\n      Es 2: 6 punti\n      Si definisca la funzione es2(tree,x) ricorsiva (o che fa uso di funzioni o metodi ricorsive/i) \n      che riceve come argomenti:\n      -  'tree' un  albero  formato da nodi di tipo AlberoBinario definito nella libreria \n          albero.py allegata\n      - un intero x\n      - calcola il numero di nodi che nell'albero che hanno valore divisibile per x \n      - torna come risultato il numero calcolato\n\n      ATTENZIONE: E' VIETATO USARE I METODI DELLA LIBRERIA albero\n\n      Esempio: se x = 2 e l'albero e':\n\n              7\n              /\\\n            1  3\n            / \\\n          4    6\n        /    /\n        5    2\n      /     \\\n      9       8\n\n  Nell'albero ci sono 3 nodi con valore divisibile per 2+livello (sono i nodi a valore 3,4 e 5)\n  cosi'  la funzione tornera' il valore 3.\n  ",
    "algorithm": "Aggiungo agli argomenti della funzione una nuova variabile count=0\n\nse c'è un figlio destro\n\tchiamo la funzione con x aumentato di 1 sul figlio destro, salvo il risultato in count\nse c'è un filgio sinistro\n\tchiamo la funzione sul figlio sinistro con x aumentato di 1, salvo il risultato in count\nse il valore del nodo modulo x è 0\n\taumento count di 1\nritorno count",
    "tags": ["Ricorsione", "Alberi"],
    "effort": 6,
    "clues": [],
    "from": "recupero-7-11-18"
}